Redirect from,Redirect to
/collections/-office-phone-pod-malaysia,https://aceofficepods.com/office-phone-booth-malaysia
/collections/office-phone-booth-office-pods,https://aceofficepods.com/office-pods
/products/eco-pod-single-seater-acoustic-office-pod,https://aceofficepods.com/pods/ace-solo
/products/s-pod-office-tele-booth-silent-acoustic-pod,https://aceofficepods.com/pods/ace-plus
/products/s-pod-plus-telepod-acoustic-booth,https://aceofficepods.com/pods/ace-flex-duo
/products/team-sharing-pod-office-tele-booth-acoustic-pod,https://aceofficepods.com/pods/ace-meet
/products/team-pod-plus-sharing-pod-4-to-6-seater,https://aceofficepods.com/pods/ace-hub
/products/movable-silence-booth-1-person-office-phone-booth-,https://aceofficepods.com/office-phone-booth-malaysia
/products/movable-silence-booth-1-person-office-phone-booth-?sku=18074099729854048576242210,https://aceofficepods.com/office-phone-booth-malaysia
