https://supreme.com.my/collections/-office-phone-pod-malaysia,https://aceofficepods.com/office-phone-booth-malaysia,301,FALSE,FALSE,FALSE,FALSE
https://www.supreme.com.my/collections/-office-phone-pod-malaysia,https://aceofficepods.com/office-phone-booth-malaysia,301,FALSE,FALSE,FALSE,FALSE
https://supreme.com.my/collections/office-phone-booth-office-pods,https://aceofficepods.com/office-pods,301,FALSE,FALSE,FALSE,FALSE
https://www.supreme.com.my/collections/office-phone-booth-office-pods,https://aceofficepods.com/office-pods,301,FALSE,FALSE,FALSE,FALSE
https://supreme.com.my/products/eco-pod-single-seater-acoustic-office-pod,https://aceofficepods.com/pods/ace-uno,301,FALSE,FALSE,FALSE,FALSE
https://www.supreme.com.my/products/eco-pod-single-seater-acoustic-office-pod,https://aceofficepods.com/pods/ace-uno,301,FALSE,FALSE,FALSE,FALSE
https://supreme.com.my/products/s-pod-office-tele-booth-silent-acoustic-pod,https://aceofficepods.com/pods/ace-plus,301,FALSE,FALSE,FALSE,FALSE
https://www.supreme.com.my/products/s-pod-office-tele-booth-silent-acoustic-pod,https://aceofficepods.com/pods/ace-plus,301,FALSE,FALSE,FALSE,FALSE
https://supreme.com.my/products/s-pod-plus-telepod-acoustic-booth,https://aceofficepods.com/pods/ace-flex-duo,301,FALSE,FALSE,FALSE,FALSE
https://www.supreme.com.my/products/s-pod-plus-telepod-acoustic-booth,https://aceofficepods.com/pods/ace-flex-duo,301,FALSE,FALSE,FALSE,FALSE
https://supreme.com.my/products/team-sharing-pod-office-tele-booth-acoustic-pod,https://aceofficepods.com/pods/ace-meet,301,FALSE,FALSE,FALSE,FALSE
https://www.supreme.com.my/products/team-sharing-pod-office-tele-booth-acoustic-pod,https://aceofficepods.com/pods/ace-meet,301,FALSE,FALSE,FALSE,FALSE
https://supreme.com.my/products/team-pod-plus-sharing-pod-4-to-6-seater,https://aceofficepods.com/pods/ace-hub,301,FALSE,FALSE,FALSE,FALSE
https://www.supreme.com.my/products/team-pod-plus-sharing-pod-4-to-6-seater,https://aceofficepods.com/pods/ace-hub,301,FALSE,FALSE,FALSE,FALSE
https://supreme.com.my/products/movable-silence-booth-1-person-office-phone-booth-,https://aceofficepods.com/office-phone-booth-malaysia,301,FALSE,FALSE,FALSE,FALSE
https://www.supreme.com.my/products/movable-silence-booth-1-person-office-phone-booth-,https://aceofficepods.com/office-phone-booth-malaysia,301,FALSE,FALSE,FALSE,FALSE
